記緒漂流,https://ttio.cc/,https://ttio.cc/links/
云端的解构者,https://www.zheep.top/,https://www.zheep.top/links/
清酒踏月,https://bk.kx.ms/,https://bk.kx.ms/links.html
呓语梦轩,https://blog.awaae001.top/,https://blog.awaae001.top/link/
Lanke's blog,https://blog.blueke.top/,https://blog.blueke.top/friends/
李锋镝的博客,https://www.lifengdi.com/,https://www.lifengdi.com/friend_links/
手里有只毛毛虫,https://www.krjojo.com/,https://www.krjojo.com/links
咸鱼星球,https://blog.likaikai.com,https://blog.likaikai.com/links#link-group-r4bdged8
绘星里,https://blog.storia.ren/,https://blog.storia.ren/links/
米集网站分类,https://www.m-ji.com/,https://www.m-ji.com/
枋柚梓,https://inkss.cn,https://inkss.cn/page/friends/
哈喽！林墨白,https://blog.lmb.blue/,https://blog.lmb.blue/links.html
姓王者的博客,https://xingwangzhe.fun/,https://xingwangzhe.fun/links/
李梓菡,https://www.zihan.show/,https://www.zihan.show/
皮皮社,https://www.pipishe.com/,https://www.pipishe.com/friend.html
小聂的窝,https://xiaonie.xyz/,https://xiaonie.xyz/links
大佬论坛,https://www.dalao.net/,https://www.dalao.net/links.htm
华夏文明中枢府,https://www.hxwmzsf.com/,https://www.hxwmzsf.com/
张洪Heo,https://blog.zhheo.com/,https://blog.zhheo.com/link/
似水流年,https://www.wangjunwei.com/,https://wangjunwei.com/links
LzxBlog,https://www.liuzhixi.cn,https://www.liuzhixi.cn
香菇社长,https://siitake.cn/,https://siitake.cn/
小涂博客,https://blog.mcecy.com/,https://blog.mcecy.com/
Mikuの次行星,https://blog.sotkg.com/,https://blog.sotkg.com/link
小俊博客,https://www.smalljun.com,https://www.smalljun.com/friends
城南旧事,https://els.cc/,https://els.cc/link.html
极简黑白,http://www.zhaoxuze.com/,https://www.zhaoxuze.com/links/
星辰日记,https://blog.xsot.cn/,https://blog.xsot.cn/link
孤影墨香,https://www.gymxbl.com/,https://www.gymxbl.com/links/
Oyiso's Blog,https://oyiso.cn/,https://oyiso.cn/friends
远梦博客,https://blog.qoz.cc,https://blog.qoz.cc/links/
星空小站,https://www.m78.co/,https://www.m78.co/fr-links-html
钧言极客,https://www.jinjun.top,https://www.jinjun.top/links/
倾城于你,https://qninq.cn/,https://qninq.cn/links.html
星辰博客,https://blog.starchen.top/,https://blog.starchen.top/links/
康丰日志,https://www.okang.top,https://www.okang.top/link
天书,https://www.skybook.vip/,https://www.skybook.vip/
趣记博客,https://www.quji.org/,https://www.quji.org/
鸿威的森林,https://www.xiehongwei.cn/,https://www.xiehongwei.cn/Links.html
永恒末匕,https://www.likaijian.com/,https://www.likaijian.com/links/
残浔的小窝,https://www.uquq.cn/,https://www.uquq.cn/links
瀚海星辰,https://www.imuu.cn/,https://www.imuu.cn/youqinglianjie
泠泫凝的异次元空间,https://lxnchan.cn/,https://lxnchan.cn/friends/
陶小桃Blog,https://www.52txr.cn/,https://www.52txr.cn/Friends.html
Glimmer,https://i.duckxu.com/,https://i.duckxu.com/links.html
拾柒,https://www.s17.cn/,https://www.s17.cn/#mdui-dialog
葱苓语畔,https://blog.ciraos.top/,https://blog.ciraos.top/link
阿飞博客,https://www.liaao.cn/,https://www.liaao.cn/links.html
奕奕Blog,https://www.eebk.com/,https://www.eebk.com/p/blog-list.html
寒士杰克,https://www.hansjack.com/,https://www.hansjack.com/friends
q2019的小站,https://www.q2019.com/,https://www.q2019.com/%e5%8f%8b%e6%83%85%e9%93%be%e6%8e%a5/
吹比,https://chuibi.com/,https://chuibi.com/link/
ZYYO笔记,https://zyyo.net/,https://zyyo.net/friends.html
Vss Blog,https://vss.plus/,https://vss.plus/links
纸鹿摸鱼处,https://blog.zhilu.site/,https://blog.zhilu.site/link
Ariasakaの小窝,https://blog.yaria.top/,https://blog.yaria.top/links
阿呆日记,https://dai.ge/,https://dai.ge/link.php
核桃小屋,https://www.htaoo.com/,https://www.htaoo.com/links.html
I'm WhiteBear,https://whitebear.im/,https://whitebear.im/follow.html
MuXiaoChen,https://miraii.cn/,https://miraii.cn/social/link/
晓雨杂记,https://www.lihaoyu.cn/,https://www.lihaoyu.cn/links
茨见手扎,https://www.mioc.cn/,https://www.mioc.cn/links#link-group-j7zouwjx
清羽飞扬,https://blog.liushen.fun/,https://blog.liushen.fun/link/
Puo's菜园子,http://puo.cn/,http://puo.cn/?page_id=6919
LineXic书屋,http://www.linexic.top/,https://www.linexic.top/page/links/
Honesty,https://blog.hehouhui.cn,https://blog.hehouhui.cn/links
ElysiumStack,https://www.elysium-stack.cn/,https://www.elysium-stack.cn/links
Limitz_'s SPACE,https://limitz.top,https://limitz.top
